id,winner_model_a,winner_model_b,winner_model_tie
136060,0.28526916358364834,0.31241645783576527,0.4023143785805864
211333,0.4122284212454698,0.25370386717584437,0.3340677115786858
1233961,0.340748150216743,0.3374115476507815,0.3218403021324755
