id,winner_model_a,winner_model_b,winner_model_tie
136060,0.21616521,0.27300355,0.51083124
211333,0.48622745,0.25095287,0.26281962
1233961,0.22899161,0.3604615,0.41054687
