id,winner_model_a,winner_model_b,winner_model_tie
136060,0.2992055031674372,0.31696356891515515,0.3838309279174076
211333,0.3850486051744606,0.27133579592049417,0.3436155989050453
1233961,0.3294026396802478,0.3419573146963148,0.3286400456234374
