id,winner_model_a,winner_model_b,winner_model_tie
136060,0.3273150076749877,0.33908623971147295,0.3335987526135394
211333,0.43707192031868897,0.2500272185204703,0.31290086116084065
1233961,0.39520957599478834,0.32365329260383907,0.28113713140137253
