id,winner_model_a,winner_model_b,winner_model_tie
136060,0.2989846391137946,0.3179230140080962,0.3830923468781092
211333,0.38417057070094845,0.273490964891479,0.34233846440757254
1233961,0.32787400449190124,0.3341200913083115,0.3380059041997873
