id,winner_model_a,winner_model_b,winner_model_tie
136060,0.23015718,0.30461532,0.46522748
211333,0.4764771,0.28069085,0.242832
1233961,0.2112888,0.3854515,0.40325972
