id,winner_model_a,winner_model_b,winner_model_tie
136060,0.17776582,0.2082337,0.6140005
211333,0.49650994,0.19484186,0.3086482
1233961,0.064352736,0.5486234,0.38702387
