id,winner_model_a,winner_model_b,winner_model_tie
136060,0.24697791,0.3125044,0.44051766
211333,0.5009932,0.2659727,0.23303409
1233961,0.24666536,0.3473224,0.40601224
