id,winner_model_a,winner_model_b,winner_model_tie
136060,0.2875191965190378,0.3134740820190979,0.3990067214618644
211333,0.4102446808206111,0.2547849089074259,0.3349704102719629
1233961,0.34012762108823347,0.3392816338212441,0.32059074509052243
